Local · Melbourne & Australia,-
Triple R 102.7 · Melbourne,http://realtime.rrr.org.au/p1h
PBS 106.7 · Melbourne,http://playerservices.streamtheworld.com/api/livestream-redirect/3PBS_FMAACHIGH.aac
Hope St Radio · Melbourne,https://hope-st-radeio.radiocult.fm/stream
4ZZZ 102.1 · Brisbane,https://iheart.4zzz.org.au/4zzz
Triple J · Australia,http://abc.streamguys1.com/live/triplejnsw/icecast.audio
Double J · Australia,https://mediaserviceslive.akamaized.net/hls/live/2038342/doublejqld/index.m3u8
Metal,-
KNAC.com · Los Angeles,https://stream.rcast.net/71987
Rock Antenne Heavy Metal · Munich,http://mp3channels.webradio.rockantenne.de/heavy-metal
SomaFM Metal Detector · San Francisco,https://ice2.somafm.com/metal-128-aac
Death.FM · USA,http://hi5.death.fm/
DrGnu Metallica · Germany,http://streams.radiobob.de/metallica/mp3-192/mediaplayer/
Pinguin Aardschok · Netherlands,https://streams.pinguinradio.com/Aardschok192.mp3
Metalcore & Hardcore,-
idobi Howl · Washington DC,https://idobihowl.idobi.com/
RADIO BOB! Metalcore · Germany,http://streams.radiobob.de/metalcore/mp3-192/streams.radiobob.de/
CORE Radio · Moscow,http://194.58.97.117:8000/coreradio
ChroniX Metalcore · Canada,http://usa17.fastcast4u.com:5508/stream
Punk & Emo,-
idobi Radio · Washington DC,http://idobiradio.idobi.com/;stream.mp3
Punk Rock Demonstration · USA,https://radio.punkrockdemo.com/listen.pls
Rock Antenne Punk Rock · Munich,http://mp3channels.webradio.rockantenne.de/punkrock.aac
Rock,-
Radio Paradise Rock Mix · California,https://stream.radioparadise.com/rock-320
Planet Rock · UK,https://stream-mz.hellorayo.co.uk/planetrock.aac?direct=true&aw_0_1st.playerid=BMUK_Airable&aw_0_1st.skey=6778249992
Radio Caroline · UK,http://sc3.radiocaroline.net:8030/
Reactor 105.7 · Mexico City,https://securestreams7.autopo.st/?uri=http://184.164.75.138:8002/stream
Vorterix · Buenos Aires,https://ice2.edge-apps.net/radio1_high-20057.audio
Futuro 88.9 · Santiago,http://23243.live.streamtheworld.com:3690/FUTUROAAC_SC
J-Rock Powerplay · Japan,https://kathy.torontocast.com:3340/
Indie & Alternative,-
KEXP 90.3 · Seattle,https://kexp.streamguys1.com/kexp160.aac
BBC 6 Music · UK,http://as-hls-ww-live.akamaized.net/pool_81827798/live/ww/bbc_6music/bbc_6music.isml/bbc_6music-audio%3d320000.norewind.m3u8
SomaFM Indie Pop Rocks! · San Francisco,https://ice1.somafm.com/indiepop-128-mp3
KROQ 106.7 · Los Angeles,https://live.amperwave.net/direct/audacy-kroqfmaac-imc
Ibero 90.9 · Mexico City,http://noasrv.caster.fm:10182/live
Radiónica 99.1 · Bogotá,http://shoutcast.rtvc.gov.co:8010/;
Radio 3 RNE · Spain,https://rtvelivestream.rtve.es/rtvesec/rne/rne_r3_main.m3u8
Scanner FM · Spain,https://eu10.fastcast4u.com/scannerfm
Eclectic & Freeform,-
Radio Paradise Main Mix · California,https://stream.radioparadise.com/aac-320
Radio Paradise Mellow Mix · California,https://stream.radioparadise.com/mellow-320
Radio Paradise Global Mix · California,https://stream.radioparadise.com/global-320
WFMU 91.1 · New Jersey,https://stream0.wfmu.org/freeform-128k
WPRB 103.3 · Princeton,https://wprb.streamguys1.com/listen.mp3
dublab · Los Angeles,http://dublab.out.airtime.pro:8000/dublab_a
Hip hop,-
Hot 97 · New York,https://playerservices.streamtheworld.com/api/livestream-redirect/WQHTFMAAC.aac
BBC Radio 1Xtra · UK,http://as-hls-ww-live.akamaized.net/pool_92079267/live/ww/bbc_1xtra/bbc_1xtra.isml/bbc_1xtra-audio%3d96000.norewind.m3u8
Worldwide FM · London,https://worldwide-fm.radiocult.fm/stream
Planet HipHop (MRG.fm) · USA,http://listen.mrg.fm:8100/stream
TRAP.radio · USA,https://trapradio.streamingmedia.it/play
City pop & J-pop,-
BOX Japan City Pop · Japan,https://play.streamafrica.net/japancitypop
Yumi Co. Radio · France,https://yumicoradio.net/stream
Japan Hits · Japan,http://quincy.torontocast.com:2020/stream.mp3
Salsa & Tropical,-
Gladys Palmera · Madrid,http://streams.radio.co/s496c4d2e8/listen
Tropicana 93.1 · Cali,http://playerservices.streamtheworld.com/api/livestream-redirect/TR_CALI.mp3
Top Salsa Radio · Dominican Republic,https://radio.dominiserver.com/proxy/topsalsaradio?mp=/stream
Electronic,-
Rinse FM · London,https://admin.stream.rinse.fm/proxy/rinse_uk/stream
NTS 1 · London,https://stream-relay-geo.ntslive.net/stream
FIP Electro · Paris,https://icecast.radiofrance.fr/fipelectro-hifi.aac
SomaFM DEF CON Radio · San Francisco,https://ice1.somafm.com/defcon-128-aac
Kiosk Radio · Brussels,https://kioskradiobxl.out.airtime.pro/kioskradiobxl_b
Techno,-
Intergalactic FM · The Hague,https://radio.intergalactic.fm/1
Sunshine Live Techno · Germany,http://stream.sunshine-live.de/techno/mp3-192
TechnoBase.FM · Germany,https://listener3.mp3.tb-group.fm/tb.mp3
IDM & Experimental,-
SomaFM cliqhop idm · San Francisco,https://ice1.somafm.com/cliqhop-128-mp3
NTS 2 · London,https://stream-relay-geo.ntslive.net/stream2
Resonance FM · London,https://stream.resonance.fm/resonance
Cashmere Radio · Berlin,http://cashmereradio.out.airtime.pro:8000/cashmereradio_b
Jazz,-
WBGO 88.3 · Newark,https://ais-sa8.cdnstream1.com/3629_128.mp3
Jazz24 · Seattle,https://knkx-live-a.edge.audiocdn.com/6285_256k
TSF Jazz · Paris,https://tsfjazz.ice.infomaniak.ch/tsfjazz-high.mp3
Jazz Sakura · Japan,http://kathy.torontocast.com:3330/stream/1/
Horizonte 107.9 · Mexico City,https://securestreams7.autopo.st/?uri=https://s2.mexside.net/8014/stream
SomaFM Sonic Universe · San Francisco,https://ice1.somafm.com/sonicuniverse-128-aac
WWOZ 90.7 (jazz & roots) · New Orleans,http://wwoz-sc.streamguys.com/wwoz-hi.mp3
Soundtrack & Games,-
Rainwave Game · Online,http://allrelays.rainwave.cc/game.mp3
Rainwave OverClocked ReMix · Online,http://allrelays.rainwave.cc/ocremix.mp3
SLAY Radio (C64 remixes) · Sweden,http://relay1.slayradio.org:8000/
Kohina (retro game music) · France,https://player.kohina.com/icecast/stream.aac
Klassik Radio Games (orchestral) · Germany,http://stream.klassikradio.de/games/mp3-128/
CINEMIX (cinematic) · Online,https://kathy.torontocast.com:1825/stream
Lofi & Chill,-
FluxFM ChillHop · Berlin,http://streams.fluxfm.de/Chillhop/mp3-320
SomaFM Fluid · San Francisco,https://ice1.somafm.com/fluid-128-mp3
Box Lofi · UK,https://stream.zeno.fm/tabzverz0fctv
24/7 LoFi Radio · UK,https://ec3.yesstreaming.net:3755/stream
SomaFM Groove Salad · San Francisco,https://ice1.somafm.com/groovesalad-256-mp3
ISEKOI Radio · France,https://public.isekoi-radio.com/listen/isekoi/radio.mp3
ISEKOI Chill Zone · France,https://public.isekoi-radio.com/listen/chill/radio.mp3
Ambient,-
SomaFM Drone Zone · San Francisco,https://ice1.somafm.com/dronezone-128-mp3
SomaFM Deep Space One · San Francisco,https://ice1.somafm.com/deepspaceone-128-mp3
Ambient Sleeping Pill · Online,https://radio.stereoscenic.com/asp-h
ISEKOI Non-Stop Ambient · France,https://public.isekoi-radio.com/listen/ambient/ambientradio.mp3
SomaFM Space Station Soma · San Francisco,https://ice1.somafm.com/spacestation-128-aac
Radio Paradise Serenity · California,https://stream.radioparadise.com/serenity
Echoes of Bluemars · Online,http://streams.echoesofbluemars.org:8000/bluemars
Classical,-
ABC Classic · Australia,https://mediaserviceslive.akamaized.net/hls/live/2038316/classicfmvic/index.m3u8
WQXR 105.9 · New York,https://stream.wqxr.org/wqxr
Radio Swiss Classic · Switzerland,https://stream.srg-ssr.ch/m/rsc_de/mp3_128
Radio UNAM 96.1 · Mexico City,https://tv.radiohosting.online:9484/stream
BBC Radio 3 · UK,http://as-hls-ww-live.akamaized.net/pool_23461179/live/ww/bbc_radio_three/bbc_radio_three.isml/bbc_radio_three-audio%3d320000.norewind.m3u8
WFMT 98.7 · Chicago,https://wfmt.streamguys1.com/main-source
CBC Music (formerly Radio 2) · Toronto,https://26373.live.streamtheworld.com/CBLFM_CBC_SC
Talk & Culture,-
BBC Radio 4 · UK,http://as-hls-ww-live.akamaized.net/pool_55057080/live/ww/bbc_radio_fourfm/bbc_radio_fourfm.isml/bbc_radio_fourfm-audio%3d320000.norewind.m3u8
ABC Radio National · Australia,http://abc.streamguys1.com/live/rnnsw/icecast.audio
Monocle Radio · London,https://playerservices.streamtheworld.com/api/livestream-redirect/MONOCLE_24.mp3
